[{"model": "contenttypes.contenttype", "pk": 1, "fields": {"app_label": "admin", "model": "logentry"}}, {"model": "contenttypes.contenttype", "pk": 2, "fields": {"app_label": "auth", "model": "permission"}}, {"model": "contenttypes.contenttype", "pk": 3, "fields": {"app_label": "auth", "model": "group"}}, {"model": "contenttypes.contenttype", "pk": 4, "fields": {"app_label": "auth", "model": "user"}}, {"model": "contenttypes.contenttype", "pk": 5, "fields": {"app_label": "contenttypes", "model": "contenttype"}}, {"model": "contenttypes.contenttype", "pk": 6, "fields": {"app_label": "sessions", "model": "session"}}, {"model": "contenttypes.contenttype", "pk": 7, "fields": {"app_label": "blog", "model": "blog"}}, {"model": "contenttypes.contenttype", "pk": 8, "fields": {"app_label": "blog", "model": "blogtype"}}, {"model": "contenttypes.contenttype", "pk": 9, "fields": {"app_label": "blog", "model": "readnum"}}, {"model": "contenttypes.contenttype", "pk": 10, "fields": {"app_label": "read_statistics", "model": "readnum"}}, {"model": "contenttypes.contenttype", "pk": 11, "fields": {"app_label": "read_statistics", "model": "readdetail"}}, {"model": "contenttypes.contenttype", "pk": 12, "fields": {"app_label": "comment", "model": "comment"}}, {"model": "contenttypes.contenttype", "pk": 13, "fields": {"app_label": "likes", "model": "likecount"}}, {"model": "contenttypes.contenttype", "pk": 14, "fields": {"app_label": "likes", "model": "likerecord"}}, {"model": "contenttypes.contenttype", "pk": 15, "fields": {"app_label": "user", "model": "profile"}}, {"model": "sessions.session", "pk": "4i69kzb53pxdub1ozynhp6t7mluolaap", "fields": {"session_data": "MTI3NjA2NzQ3MWI2MTkzNTBjNTliNmQ2ZGE4MjdmNjI4NTczYmQxZjp7Il9hdXRoX3VzZXJfaWQiOiIxIiwiX2F1dGhfdXNlcl9iYWNrZW5kIjoiZGphbmdvLmNvbnRyaWIuYXV0aC5iYWNrZW5kcy5Nb2RlbEJhY2tlbmQiLCJfYXV0aF91c2VyX2hhc2giOiIyYTE2OGE5NTJmMTY5YWI0ODc3YjJkZTVmYjNkMmQ3ZTc4ZGQ1MzYxIn0=", "expire_date": "2020-10-16T19:11:11.265Z"}}, {"model": "sessions.session", "pk": "4x6evkmobgg7dl039se1n39k95vmbp03", "fields": {"session_data": "MTI3NjA2NzQ3MWI2MTkzNTBjNTliNmQ2ZGE4MjdmNjI4NTczYmQxZjp7Il9hdXRoX3VzZXJfaWQiOiIxIiwiX2F1dGhfdXNlcl9iYWNrZW5kIjoiZGphbmdvLmNvbnRyaWIuYXV0aC5iYWNrZW5kcy5Nb2RlbEJhY2tlbmQiLCJfYXV0aF91c2VyX2hhc2giOiIyYTE2OGE5NTJmMTY5YWI0ODc3YjJkZTVmYjNkMmQ3ZTc4ZGQ1MzYxIn0=", "expire_date": "2020-10-25T06:00:49.534Z"}}, {"model": "sessions.session", "pk": "7fo1sdhtyirs3txshirpt7xsjshftsl2", "fields": {"session_data": "MTI3NjA2NzQ3MWI2MTkzNTBjNTliNmQ2ZGE4MjdmNjI4NTczYmQxZjp7Il9hdXRoX3VzZXJfaWQiOiIxIiwiX2F1dGhfdXNlcl9iYWNrZW5kIjoiZGphbmdvLmNvbnRyaWIuYXV0aC5iYWNrZW5kcy5Nb2RlbEJhY2tlbmQiLCJfYXV0aF91c2VyX2hhc2giOiIyYTE2OGE5NTJmMTY5YWI0ODc3YjJkZTVmYjNkMmQ3ZTc4ZGQ1MzYxIn0=", "expire_date": "2020-10-27T16:43:12.900Z"}}, {"model": "sessions.session", "pk": "7wlvzuhx9ejbrjy33nrzozzr273uriie", "fields": {"session_data": "MTI3NjA2NzQ3MWI2MTkzNTBjNTliNmQ2ZGE4MjdmNjI4NTczYmQxZjp7Il9hdXRoX3VzZXJfaWQiOiIxIiwiX2F1dGhfdXNlcl9iYWNrZW5kIjoiZGphbmdvLmNvbnRyaWIuYXV0aC5iYWNrZW5kcy5Nb2RlbEJhY2tlbmQiLCJfYXV0aF91c2VyX2hhc2giOiIyYTE2OGE5NTJmMTY5YWI0ODc3YjJkZTVmYjNkMmQ3ZTc4ZGQ1MzYxIn0=", "expire_date": "2020-10-30T17:36:19.338Z"}}, {"model": "sessions.session", "pk": "bi2susyckeblkfmjlb5rmm562kwoeerk", "fields": {"session_data": "MzllMDc0OGQwOTAyMmVlMTUxYmM5NTg0OTQxMWMzMmY3Njg1M2Y2Nzp7Il9hdXRoX3VzZXJfaWQiOiIxIiwiX2F1dGhfdXNlcl9iYWNrZW5kIjoiZGphbmdvLmNvbnRyaWIuYXV0aC5iYWNrZW5kcy5Nb2RlbEJhY2tlbmQiLCJfYXV0aF91c2VyX2hhc2giOiI0MWU3ZWM3NGM2M2NhMDE3ZGM1MDdmMjk4N2JjMGE3NWQ1MTJiMjQyIn0=", "expire_date": "2020-11-01T11:59:02.254Z"}}, {"model": "sessions.session", "pk": "cmtt1fb4ahupnnfhx7h1z9ckytv6chbn", "fields": {"session_data": "MTI3NjA2NzQ3MWI2MTkzNTBjNTliNmQ2ZGE4MjdmNjI4NTczYmQxZjp7Il9hdXRoX3VzZXJfaWQiOiIxIiwiX2F1dGhfdXNlcl9iYWNrZW5kIjoiZGphbmdvLmNvbnRyaWIuYXV0aC5iYWNrZW5kcy5Nb2RlbEJhY2tlbmQiLCJfYXV0aF91c2VyX2hhc2giOiIyYTE2OGE5NTJmMTY5YWI0ODc3YjJkZTVmYjNkMmQ3ZTc4ZGQ1MzYxIn0=", "expire_date": "2020-10-20T02:22:20.254Z"}}, {"model": "sessions.session", "pk": "dagh7v16y3dhedzrbdmhwlx7t7svllre", "fields": {"session_data": "MTI3NjA2NzQ3MWI2MTkzNTBjNTliNmQ2ZGE4MjdmNjI4NTczYmQxZjp7Il9hdXRoX3VzZXJfaWQiOiIxIiwiX2F1dGhfdXNlcl9iYWNrZW5kIjoiZGphbmdvLmNvbnRyaWIuYXV0aC5iYWNrZW5kcy5Nb2RlbEJhY2tlbmQiLCJfYXV0aF91c2VyX2hhc2giOiIyYTE2OGE5NTJmMTY5YWI0ODc3YjJkZTVmYjNkMmQ3ZTc4ZGQ1MzYxIn0=", "expire_date": "2020-10-27T14:16:45.486Z"}}, {"model": "sessions.session", "pk": "k5eqtf7phjhc0ammvw14fxk8jtjnegs3", "fields": {"session_data": "MTI3NjA2NzQ3MWI2MTkzNTBjNTliNmQ2ZGE4MjdmNjI4NTczYmQxZjp7Il9hdXRoX3VzZXJfaWQiOiIxIiwiX2F1dGhfdXNlcl9iYWNrZW5kIjoiZGphbmdvLmNvbnRyaWIuYXV0aC5iYWNrZW5kcy5Nb2RlbEJhY2tlbmQiLCJfYXV0aF91c2VyX2hhc2giOiIyYTE2OGE5NTJmMTY5YWI0ODc3YjJkZTVmYjNkMmQ3ZTc4ZGQ1MzYxIn0=", "expire_date": "2020-10-27T08:51:24.420Z"}}, {"model": "sessions.session", "pk": "kfvmelasagtmhc5ezqmhjahnwuhcytw4", "fields": {"session_data": "ZDBlYjBhOGE1NDJhZGJkOTRkZGZiNjk0YTQwYjAxOThmMDBiMTljMTp7Il9hdXRoX3VzZXJfaWQiOiI1IiwiX2F1dGhfdXNlcl9iYWNrZW5kIjoiZGphbmdvLmNvbnRyaWIuYXV0aC5iYWNrZW5kcy5Nb2RlbEJhY2tlbmQiLCJfYXV0aF91c2VyX2hhc2giOiJmYjc0MGE0MmUxY2JlNjhhODkwM2ZlYzkwZjI4Mzc0YzRmZmI5MjdmIn0=", "expire_date": "2020-10-24T07:43:38.952Z"}}, {"model": "sessions.session", "pk": "ohyrpqzb488pqjmm2dpntasczbksfeim", "fields": {"session_data": "MTI3NjA2NzQ3MWI2MTkzNTBjNTliNmQ2ZGE4MjdmNjI4NTczYmQxZjp7Il9hdXRoX3VzZXJfaWQiOiIxIiwiX2F1dGhfdXNlcl9iYWNrZW5kIjoiZGphbmdvLmNvbnRyaWIuYXV0aC5iYWNrZW5kcy5Nb2RlbEJhY2tlbmQiLCJfYXV0aF91c2VyX2hhc2giOiIyYTE2OGE5NTJmMTY5YWI0ODc3YjJkZTVmYjNkMmQ3ZTc4ZGQ1MzYxIn0=", "expire_date": "2020-10-16T18:19:56.866Z"}}, {"model": "sessions.session", "pk": "v01wnndci3k5o5hnwjuv38ms2w36823x", "fields": {"session_data": "MTI3NjA2NzQ3MWI2MTkzNTBjNTliNmQ2ZGE4MjdmNjI4NTczYmQxZjp7Il9hdXRoX3VzZXJfaWQiOiIxIiwiX2F1dGhfdXNlcl9iYWNrZW5kIjoiZGphbmdvLmNvbnRyaWIuYXV0aC5iYWNrZW5kcy5Nb2RlbEJhY2tlbmQiLCJfYXV0aF91c2VyX2hhc2giOiIyYTE2OGE5NTJmMTY5YWI0ODc3YjJkZTVmYjNkMmQ3ZTc4ZGQ1MzYxIn0=", "expire_date": "2020-10-16T19:13:09.990Z"}}, {"model": "sessions.session", "pk": "x565b1ki07c0mtpzkgsazmrggs9rtgqv", "fields": {"session_data": "MTI3NjA2NzQ3MWI2MTkzNTBjNTliNmQ2ZGE4MjdmNjI4NTczYmQxZjp7Il9hdXRoX3VzZXJfaWQiOiIxIiwiX2F1dGhfdXNlcl9iYWNrZW5kIjoiZGphbmdvLmNvbnRyaWIuYXV0aC5iYWNrZW5kcy5Nb2RlbEJhY2tlbmQiLCJfYXV0aF91c2VyX2hhc2giOiIyYTE2OGE5NTJmMTY5YWI0ODc3YjJkZTVmYjNkMmQ3ZTc4ZGQ1MzYxIn0=", "expire_date": "2020-10-27T14:47:12.089Z"}}, {"model": "blog.blogtype", "pk": 1, "fields": {"type_name": "Django"}}, {"model": "blog.blogtype", "pk": 2, "fields": {"type_name": "\u968f\u7b14"}}, {"model": "blog.blogtype", "pk": 3, "fields": {"type_name": "\u611f\u609f"}}, {"model": "read_statistics.readnum", "pk": 1, "fields": {"read_num": 21, "content_type": 7, "object_id": 36}}, {"model": "read_statistics.readnum", "pk": 2, "fields": {"read_num": 9, "content_type": 7, "object_id": 35}}, {"model": "read_statistics.readnum", "pk": 3, "fields": {"read_num": 4, "content_type": 7, "object_id": 34}}, {"model": "read_statistics.readnum", "pk": 4, "fields": {"read_num": 2, "content_type": 7, "object_id": 33}}, {"model": "read_statistics.readnum", "pk": 5, "fields": {"read_num": 2, "content_type": 7, "object_id": 32}}, {"model": "read_statistics.readnum", "pk": 6, "fields": {"read_num": 4, "content_type": 7, "object_id": 31}}, {"model": "read_statistics.readnum", "pk": 7, "fields": {"read_num": 1, "content_type": 7, "object_id": 9}}, {"model": "read_statistics.readnum", "pk": 8, "fields": {"read_num": 1, "content_type": 7, "object_id": 29}}, {"model": "read_statistics.readnum", "pk": 9, "fields": {"read_num": 1, "content_type": 7, "object_id": 27}}, {"model": "read_statistics.readnum", "pk": 10, "fields": {"read_num": 1, "content_type": 7, "object_id": 16}}, {"model": "read_statistics.readnum", "pk": 11, "fields": {"read_num": 1, "content_type": 7, "object_id": 21}}, {"model": "read_statistics.readnum", "pk": 12, "fields": {"read_num": 1, "content_type": 7, "object_id": 10}}, {"model": "read_statistics.readnum", "pk": 13, "fields": {"read_num": 1, "content_type": 7, "object_id": 26}}, {"model": "read_statistics.readnum", "pk": 14, "fields": {"read_num": 1, "content_type": 7, "object_id": 7}}, {"model": "read_statistics.readnum", "pk": 15, "fields": {"read_num": 1, "content_type": 7, "object_id": 17}}, {"model": "read_statistics.readnum", "pk": 16, "fields": {"read_num": 1, "content_type": 7, "object_id": 8}}, {"model": "read_statistics.readnum", "pk": 17, "fields": {"read_num": 1, "content_type": 7, "object_id": 5}}, {"model": "read_statistics.readnum", "pk": 18, "fields": {"read_num": 1, "content_type": 7, "object_id": 12}}, {"model": "read_statistics.readdetail", "pk": 1, "fields": {"date": "2020-10-03", "read_num": 4, "content_type": 7, "object_id": 36}}, {"model": "read_statistics.readdetail", "pk": 2, "fields": {"date": "2020-10-07", "read_num": 1, "content_type": 7, "object_id": 34}}, {"model": "read_statistics.readdetail", "pk": 3, "fields": {"date": "2020-10-07", "read_num": 2, "content_type": 7, "object_id": 31}}, {"model": "read_statistics.readdetail", "pk": 4, "fields": {"date": "2020-10-07", "read_num": 1, "content_type": 7, "object_id": 35}}, {"model": "read_statistics.readdetail", "pk": 5, "fields": {"date": "2020-10-08", "read_num": 1, "content_type": 7, "object_id": 31}}, {"model": "read_statistics.readdetail", "pk": 6, "fields": {"date": "2020-10-08", "read_num": 1, "content_type": 7, "object_id": 36}}, {"model": "read_statistics.readdetail", "pk": 7, "fields": {"date": "2020-10-09", "read_num": 1, "content_type": 7, "object_id": 35}}, {"model": "read_statistics.readdetail", "pk": 8, "fields": {"date": "2020-10-10", "read_num": 1, "content_type": 7, "object_id": 36}}, {"model": "read_statistics.readdetail", "pk": 9, "fields": {"date": "2020-10-10", "read_num": 1, "content_type": 7, "object_id": 35}}, {"model": "read_statistics.readdetail", "pk": 10, "fields": {"date": "2020-10-12", "read_num": 1, "content_type": 7, "object_id": 9}}, {"model": "read_statistics.readdetail", "pk": 11, "fields": {"date": "2020-10-12", "read_num": 1, "content_type": 7, "object_id": 36}}, {"model": "read_statistics.readdetail", "pk": 12, "fields": {"date": "2020-10-12", "read_num": 1, "content_type": 7, "object_id": 35}}, {"model": "read_statistics.readdetail", "pk": 13, "fields": {"date": "2020-10-13", "read_num": 2, "content_type": 7, "object_id": 35}}, {"model": "read_statistics.readdetail", "pk": 14, "fields": {"date": "2020-10-13", "read_num": 1, "content_type": 7, "object_id": 36}}, {"model": "read_statistics.readdetail", "pk": 15, "fields": {"date": "2020-10-13", "read_num": 2, "content_type": 7, "object_id": 34}}, {"model": "read_statistics.readdetail", "pk": 16, "fields": {"date": "2020-10-13", "read_num": 1, "content_type": 7, "object_id": 32}}, {"model": "read_statistics.readdetail", "pk": 17, "fields": {"date": "2020-10-13", "read_num": 1, "content_type": 7, "object_id": 31}}, {"model": "read_statistics.readdetail", "pk": 18, "fields": {"date": "2020-10-13", "read_num": 1, "content_type": 7, "object_id": 29}}, {"model": "read_statistics.readdetail", "pk": 19, "fields": {"date": "2020-10-13", "read_num": 1, "content_type": 7, "object_id": 27}}, {"model": "read_statistics.readdetail", "pk": 20, "fields": {"date": "2020-10-13", "read_num": 1, "content_type": 7, "object_id": 16}}, {"model": "read_statistics.readdetail", "pk": 21, "fields": {"date": "2020-10-13", "read_num": 1, "content_type": 7, "object_id": 21}}, {"model": "read_statistics.readdetail", "pk": 22, "fields": {"date": "2020-10-13", "read_num": 1, "content_type": 7, "object_id": 10}}, {"model": "read_statistics.readdetail", "pk": 23, "fields": {"date": "2020-10-13", "read_num": 1, "content_type": 7, "object_id": 26}}, {"model": "read_statistics.readdetail", "pk": 24, "fields": {"date": "2020-10-13", "read_num": 1, "content_type": 7, "object_id": 33}}, {"model": "read_statistics.readdetail", "pk": 25, "fields": {"date": "2020-10-13", "read_num": 1, "content_type": 7, "object_id": 7}}, {"model": "read_statistics.readdetail", "pk": 26, "fields": {"date": "2020-10-13", "read_num": 1, "content_type": 7, "object_id": 17}}, {"model": "read_statistics.readdetail", "pk": 27, "fields": {"date": "2020-10-13", "read_num": 1, "content_type": 7, "object_id": 8}}, {"model": "read_statistics.readdetail", "pk": 28, "fields": {"date": "2020-10-13", "read_num": 1, "content_type": 7, "object_id": 5}}, {"model": "read_statistics.readdetail", "pk": 29, "fields": {"date": "2020-10-13", "read_num": 1, "content_type": 7, "object_id": 12}}, {"model": "read_statistics.readdetail", "pk": 30, "fields": {"date": "2020-10-14", "read_num": 1, "content_type": 7, "object_id": 36}}, {"model": "read_statistics.readdetail", "pk": 31, "fields": {"date": "2020-10-15", "read_num": 2, "content_type": 7, "object_id": 36}}, {"model": "read_statistics.readdetail", "pk": 32, "fields": {"date": "2020-10-17", "read_num": 1, "content_type": 7, "object_id": 36}}, {"model": "read_statistics.readdetail", "pk": 33, "fields": {"date": "2020-10-18", "read_num": 2, "content_type": 7, "object_id": 36}}, {"model": "read_statistics.readdetail", "pk": 34, "fields": {"date": "2020-10-18", "read_num": 1, "content_type": 7, "object_id": 35}}, {"model": "likes.likecount", "pk": 1, "fields": {"content_type": 7, "object_id": 27, "liked_num": 0}}, {"model": "likes.likecount", "pk": 2, "fields": {"content_type": 7, "object_id": 16, "liked_num": 0}}, {"model": "likes.likecount", "pk": 3, "fields": {"content_type": 7, "object_id": 7, "liked_num": 1}}, {"model": "likes.likecount", "pk": 4, "fields": {"content_type": 7, "object_id": 36, "liked_num": 0}}, {"model": "likes.likecount", "pk": 5, "fields": {"content_type": 7, "object_id": 35, "liked_num": 0}}, {"model": "likes.likecount", "pk": 6, "fields": {"content_type": 7, "object_id": 34, "liked_num": 0}}, {"model": "likes.likecount", "pk": 7, "fields": {"content_type": 7, "object_id": 33, "liked_num": 0}}, {"model": "likes.likecount", "pk": 8, "fields": {"content_type": 7, "object_id": 32, "liked_num": 0}}, {"model": "likes.likecount", "pk": 9, "fields": {"content_type": 7, "object_id": 31, "liked_num": 0}}, {"model": "likes.likecount", "pk": 10, "fields": {"content_type": 7, "object_id": 30, "liked_num": 0}}, {"model": "likes.likecount", "pk": 11, "fields": {"content_type": 7, "object_id": 22, "liked_num": 0}}, {"model": "likes.likecount", "pk": 12, "fields": {"content_type": 7, "object_id": 21, "liked_num": 0}}, {"model": "likes.likecount", "pk": 13, "fields": {"content_type": 7, "object_id": 20, "liked_num": 0}}, {"model": "likes.likecount", "pk": 14, "fields": {"content_type": 7, "object_id": 19, "liked_num": 0}}, {"model": "likes.likecount", "pk": 15, "fields": {"content_type": 7, "object_id": 18, "liked_num": 0}}, {"model": "likes.likecount", "pk": 16, "fields": {"content_type": 7, "object_id": 17, "liked_num": 0}}, {"model": "likes.likecount", "pk": 17, "fields": {"content_type": 7, "object_id": 15, "liked_num": 0}}, {"model": "likes.likecount", "pk": 18, "fields": {"content_type": 7, "object_id": 14, "liked_num": 0}}, {"model": "likes.likecount", "pk": 19, "fields": {"content_type": 7, "object_id": 13, "liked_num": 0}}, {"model": "likes.likecount", "pk": 20, "fields": {"content_type": 7, "object_id": 12, "liked_num": 0}}, {"model": "likes.likecount", "pk": 21, "fields": {"content_type": 7, "object_id": 11, "liked_num": 0}}, {"model": "likes.likecount", "pk": 22, "fields": {"content_type": 7, "object_id": 10, "liked_num": 0}}, {"model": "likes.likecount", "pk": 23, "fields": {"content_type": 7, "object_id": 9, "liked_num": 0}}, {"model": "likes.likecount", "pk": 24, "fields": {"content_type": 7, "object_id": 8, "liked_num": 1}}, {"model": "likes.likecount", "pk": 25, "fields": {"content_type": 7, "object_id": 6, "liked_num": 0}}, {"model": "likes.likecount", "pk": 26, "fields": {"content_type": 7, "object_id": 5, "liked_num": 1}}, {"model": "likes.likecount", "pk": 27, "fields": {"content_type": 7, "object_id": 4, "liked_num": 0}}, {"model": "likes.likecount", "pk": 28, "fields": {"content_type": 7, "object_id": 3, "liked_num": 0}}, {"model": "likes.likecount", "pk": 29, "fields": {"content_type": 12, "object_id": 37, "liked_num": 0}}, {"model": "likes.likecount", "pk": 30, "fields": {"content_type": 12, "object_id": 39, "liked_num": 0}}, {"model": "likes.likecount", "pk": 31, "fields": {"content_type": 12, "object_id": 40, "liked_num": 0}}, {"model": "likes.likecount", "pk": 32, "fields": {"content_type": 12, "object_id": 41, "liked_num": 0}}, {"model": "likes.likecount", "pk": 33, "fields": {"content_type": 12, "object_id": 44, "liked_num": 0}}, {"model": "likes.likecount", "pk": 34, "fields": {"content_type": 12, "object_id": 53, "liked_num": 0}}, {"model": "likes.likecount", "pk": 35, "fields": {"content_type": 12, "object_id": 36, "liked_num": 0}}, {"model": "likes.likecount", "pk": 36, "fields": {"content_type": 12, "object_id": 42, "liked_num": 0}}, {"model": "likes.likecount", "pk": 37, "fields": {"content_type": 12, "object_id": 43, "liked_num": 0}}, {"model": "likes.likecount", "pk": 38, "fields": {"content_type": 12, "object_id": 45, "liked_num": 0}}, {"model": "likes.likecount", "pk": 39, "fields": {"content_type": 12, "object_id": 35, "liked_num": 0}}, {"model": "likes.likecount", "pk": 40, "fields": {"content_type": 12, "object_id": 34, "liked_num": 0}}, {"model": "likes.likecount", "pk": 41, "fields": {"content_type": 12, "object_id": 33, "liked_num": 0}}, {"model": "likes.likecount", "pk": 42, "fields": {"content_type": 12, "object_id": 32, "liked_num": 0}}, {"model": "likes.likecount", "pk": 43, "fields": {"content_type": 12, "object_id": 31, "liked_num": 0}}, {"model": "likes.likecount", "pk": 44, "fields": {"content_type": 12, "object_id": 30, "liked_num": 0}}, {"model": "likes.likecount", "pk": 45, "fields": {"content_type": 12, "object_id": 29, "liked_num": 0}}, {"model": "likes.likecount", "pk": 46, "fields": {"content_type": 12, "object_id": 28, "liked_num": 0}}, {"model": "likes.likecount", "pk": 47, "fields": {"content_type": 12, "object_id": 27, "liked_num": 0}}, {"model": "likes.likecount", "pk": 48, "fields": {"content_type": 12, "object_id": 26, "liked_num": 0}}, {"model": "likes.likecount", "pk": 49, "fields": {"content_type": 12, "object_id": 25, "liked_num": 0}}, {"model": "likes.likecount", "pk": 50, "fields": {"content_type": 12, "object_id": 24, "liked_num": 0}}, {"model": "likes.likecount", "pk": 51, "fields": {"content_type": 12, "object_id": 23, "liked_num": 0}}, {"model": "likes.likecount", "pk": 52, "fields": {"content_type": 12, "object_id": 22, "liked_num": 0}}, {"model": "likes.likecount", "pk": 53, "fields": {"content_type": 12, "object_id": 21, "liked_num": 0}}, {"model": "likes.likecount", "pk": 54, "fields": {"content_type": 12, "object_id": 20, "liked_num": 0}}, {"model": "likes.likecount", "pk": 55, "fields": {"content_type": 12, "object_id": 19, "liked_num": 0}}, {"model": "likes.likecount", "pk": 56, "fields": {"content_type": 12, "object_id": 18, "liked_num": 0}}, {"model": "likes.likecount", "pk": 57, "fields": {"content_type": 12, "object_id": 17, "liked_num": 0}}, {"model": "likes.likecount", "pk": 58, "fields": {"content_type": 12, "object_id": 16, "liked_num": 0}}, {"model": "likes.likecount", "pk": 59, "fields": {"content_type": 12, "object_id": 15, "liked_num": 0}}, {"model": "likes.likecount", "pk": 60, "fields": {"content_type": 12, "object_id": 14, "liked_num": 0}}, {"model": "likes.likecount", "pk": 61, "fields": {"content_type": 12, "object_id": 13, "liked_num": 0}}, {"model": "likes.likecount", "pk": 62, "fields": {"content_type": 12, "object_id": 12, "liked_num": 0}}, {"model": "likes.likecount", "pk": 63, "fields": {"content_type": 12, "object_id": 11, "liked_num": 0}}, {"model": "likes.likecount", "pk": 64, "fields": {"content_type": 12, "object_id": 10, "liked_num": 0}}, {"model": "likes.likecount", "pk": 65, "fields": {"content_type": 12, "object_id": 9, "liked_num": 0}}, {"model": "likes.likecount", "pk": 66, "fields": {"content_type": 12, "object_id": 8, "liked_num": 0}}, {"model": "likes.likecount", "pk": 67, "fields": {"content_type": 12, "object_id": 7, "liked_num": 0}}, {"model": "likes.likecount", "pk": 68, "fields": {"content_type": 12, "object_id": 6, "liked_num": 0}}, {"model": "likes.likecount", "pk": 69, "fields": {"content_type": 12, "object_id": 5, "liked_num": 0}}, {"model": "likes.likecount", "pk": 70, "fields": {"content_type": 12, "object_id": 4, "liked_num": 0}}, {"model": "likes.likecount", "pk": 71, "fields": {"content_type": 12, "object_id": 54, "liked_num": 0}}, {"model": "likes.likecount", "pk": 72, "fields": {"content_type": 12, "object_id": 55, "liked_num": 0}}, {"model": "likes.likecount", "pk": 73, "fields": {"content_type": 12, "object_id": 56, "liked_num": 0}}, {"model": "likes.likecount", "pk": 74, "fields": {"content_type": 7, "object_id": 29, "liked_num": 0}}, {"model": "likes.likecount", "pk": 75, "fields": {"content_type": 7, "object_id": 28, "liked_num": 0}}, {"model": "likes.likecount", "pk": 76, "fields": {"content_type": 7, "object_id": 26, "liked_num": 0}}, {"model": "likes.likecount", "pk": 77, "fields": {"content_type": 7, "object_id": 25, "liked_num": 0}}, {"model": "likes.likecount", "pk": 78, "fields": {"content_type": 7, "object_id": 24, "liked_num": 0}}, {"model": "likes.likecount", "pk": 79, "fields": {"content_type": 7, "object_id": 23, "liked_num": 0}}, {"model": "likes.likecount", "pk": 80, "fields": {"content_type": 12, "object_id": 57, "liked_num": 0}}, {"model": "likes.likecount", "pk": 81, "fields": {"content_type": 12, "object_id": 49, "liked_num": 0}}, {"model": "likes.likecount", "pk": 82, "fields": {"content_type": 12, "object_id": 50, "liked_num": 0}}, {"model": "likes.likecount", "pk": 83, "fields": {"content_type": 12, "object_id": 51, "liked_num": 0}}, {"model": "likes.likecount", "pk": 84, "fields": {"content_type": 12, "object_id": 52, "liked_num": 0}}, {"model": "likes.likecount", "pk": 85, "fields": {"content_type": 12, "object_id": 47, "liked_num": 0}}, {"model": "likes.likecount", "pk": 86, "fields": {"content_type": 12, "object_id": 48, "liked_num": 0}}, {"model": "likes.likecount", "pk": 87, "fields": {"content_type": 12, "object_id": 46, "liked_num": 0}}, {"model": "likes.likecount", "pk": 88, "fields": {"content_type": 12, "object_id": 59, "liked_num": 0}}, {"model": "likes.likecount", "pk": 89, "fields": {"content_type": 12, "object_id": 58, "liked_num": 0}}, {"model": "likes.likecount", "pk": 90, "fields": {"content_type": 12, "object_id": 60, "liked_num": 0}}, {"model": "likes.likecount", "pk": 91, "fields": {"content_type": 12, "object_id": 61, "liked_num": 0}}, {"model": "likes.likecount", "pk": 92, "fields": {"content_type": 12, "object_id": 62, "liked_num": 0}}, {"model": "likes.likecount", "pk": 93, "fields": {"content_type": 12, "object_id": 63, "liked_num": 0}}, {"model": "likes.likecount", "pk": 94, "fields": {"content_type": 12, "object_id": 64, "liked_num": 0}}, {"model": "likes.likecount", "pk": 95, "fields": {"content_type": 12, "object_id": 68, "liked_num": 0}}, {"model": "likes.likecount", "pk": 96, "fields": {"content_type": 12, "object_id": 67, "liked_num": 0}}, {"model": "likes.likecount", "pk": 97, "fields": {"content_type": 12, "object_id": 66, "liked_num": 0}}, {"model": "likes.likecount", "pk": 98, "fields": {"content_type": 12, "object_id": 65, "liked_num": 0}}, {"model": "likes.likecount", "pk": 99, "fields": {"content_type": 12, "object_id": 70, "liked_num": 0}}, {"model": "likes.likecount", "pk": 100, "fields": {"content_type": 12, "object_id": 69, "liked_num": 0}}, {"model": "likes.likecount", "pk": 101, "fields": {"content_type": 12, "object_id": 72, "liked_num": 0}}, {"model": "likes.likecount", "pk": 102, "fields": {"content_type": 12, "object_id": 71, "liked_num": 0}}, {"model": "auth.permission", "pk": 1, "fields": {"name": "Can add log entry", "content_type": 1, "codename": "add_logentry"}}, {"model": "auth.permission", "pk": 2, "fields": {"name": "Can change log entry", "content_type": 1, "codename": "change_logentry"}}, {"model": "auth.permission", "pk": 3, "fields": {"name": "Can delete log entry", "content_type": 1, "codename": "delete_logentry"}}, {"model": "auth.permission", "pk": 4, "fields": {"name": "Can add permission", "content_type": 2, "codename": "add_permission"}}, {"model": "auth.permission", "pk": 5, "fields": {"name": "Can change permission", "content_type": 2, "codename": "change_permission"}}, {"model": "auth.permission", "pk": 6, "fields": {"name": "Can delete permission", "content_type": 2, "codename": "delete_permission"}}, {"model": "auth.permission", "pk": 7, "fields": {"name": "Can add group", "content_type": 3, "codename": "add_group"}}, {"model": "auth.permission", "pk": 8, "fields": {"name": "Can change group", "content_type": 3, "codename": "change_group"}}, {"model": "auth.permission", "pk": 9, "fields": {"name": "Can delete group", "content_type": 3, "codename": "delete_group"}}, {"model": "auth.permission", "pk": 10, "fields": {"name": "Can add user", "content_type": 4, "codename": "add_user"}}, {"model": "auth.permission", "pk": 11, "fields": {"name": "Can change user", "content_type": 4, "codename": "change_user"}}, {"model": "auth.permission", "pk": 12, "fields": {"name": "Can delete user", "content_type": 4, "codename": "delete_user"}}, {"model": "auth.permission", "pk": 13, "fields": {"name": "Can add content type", "content_type": 5, "codename": "add_contenttype"}}, {"model": "auth.permission", "pk": 14, "fields": {"name": "Can change content type", "content_type": 5, "codename": "change_contenttype"}}, {"model": "auth.permission", "pk": 15, "fields": {"name": "Can delete content type", "content_type": 5, "codename": "delete_contenttype"}}, {"model": "auth.permission", "pk": 16, "fields": {"name": "Can add session", "content_type": 6, "codename": "add_session"}}, {"model": "auth.permission", "pk": 17, "fields": {"name": "Can change session", "content_type": 6, "codename": "change_session"}}, {"model": "auth.permission", "pk": 18, "fields": {"name": "Can delete session", "content_type": 6, "codename": "delete_session"}}, {"model": "auth.permission", "pk": 19, "fields": {"name": "Can add blog", "content_type": 7, "codename": "add_blog"}}, {"model": "auth.permission", "pk": 20, "fields": {"name": "Can change blog", "content_type": 7, "codename": "change_blog"}}, {"model": "auth.permission", "pk": 21, "fields": {"name": "Can delete blog", "content_type": 7, "codename": "delete_blog"}}, {"model": "auth.permission", "pk": 22, "fields": {"name": "Can add blog type", "content_type": 8, "codename": "add_blogtype"}}, {"model": "auth.permission", "pk": 23, "fields": {"name": "Can change blog type", "content_type": 8, "codename": "change_blogtype"}}, {"model": "auth.permission", "pk": 24, "fields": {"name": "Can delete blog type", "content_type": 8, "codename": "delete_blogtype"}}, {"model": "auth.permission", "pk": 25, "fields": {"name": "Can add read num", "content_type": 9, "codename": "add_readnum"}}, {"model": "auth.permission", "pk": 26, "fields": {"name": "Can change read num", "content_type": 9, "codename": "change_readnum"}}, {"model": "auth.permission", "pk": 27, "fields": {"name": "Can delete read num", "content_type": 9, "codename": "delete_readnum"}}, {"model": "auth.permission", "pk": 28, "fields": {"name": "Can add read num", "content_type": 10, "codename": "add_readnum"}}, {"model": "auth.permission", "pk": 29, "fields": {"name": "Can change read num", "content_type": 10, "codename": "change_readnum"}}, {"model": "auth.permission", "pk": 30, "fields": {"name": "Can delete read num", "content_type": 10, "codename": "delete_readnum"}}, {"model": "auth.permission", "pk": 31, "fields": {"name": "Can add read detail", "content_type": 11, "codename": "add_readdetail"}}, {"model": "auth.permission", "pk": 32, "fields": {"name": "Can change read detail", "content_type": 11, "codename": "change_readdetail"}}, {"model": "auth.permission", "pk": 33, "fields": {"name": "Can delete read detail", "content_type": 11, "codename": "delete_readdetail"}}, {"model": "auth.permission", "pk": 34, "fields": {"name": "Can add comment", "content_type": 12, "codename": "add_comment"}}, {"model": "auth.permission", "pk": 35, "fields": {"name": "Can change comment", "content_type": 12, "codename": "change_comment"}}, {"model": "auth.permission", "pk": 36, "fields": {"name": "Can delete comment", "content_type": 12, "codename": "delete_comment"}}, {"model": "auth.permission", "pk": 37, "fields": {"name": "Can add like count", "content_type": 13, "codename": "add_likecount"}}, {"model": "auth.permission", "pk": 38, "fields": {"name": "Can change like count", "content_type": 13, "codename": "change_likecount"}}, {"model": "auth.permission", "pk": 39, "fields": {"name": "Can delete like count", "content_type": 13, "codename": "delete_likecount"}}, {"model": "auth.permission", "pk": 40, "fields": {"name": "Can add like record", "content_type": 14, "codename": "add_likerecord"}}, {"model": "auth.permission", "pk": 41, "fields": {"name": "Can change like record", "content_type": 14, "codename": "change_likerecord"}}, {"model": "auth.permission", "pk": 42, "fields": {"name": "Can delete like record", "content_type": 14, "codename": "delete_likerecord"}}, {"model": "auth.permission", "pk": 43, "fields": {"name": "Can add profile", "content_type": 15, "codename": "add_profile"}}, {"model": "auth.permission", "pk": 44, "fields": {"name": "Can change profile", "content_type": 15, "codename": "change_profile"}}, {"model": "auth.permission", "pk": 45, "fields": {"name": "Can delete profile", "content_type": 15, "codename": "delete_profile"}}, {"model": "auth.user", "pk": 1, "fields": {"password": "pbkdf2_sha256$100000$u3RQhOIc0kgQ$qcZzUrfxU/UoB6GfmB2IhOQF5rksWUOVEN7Jhy5EG+s=", "last_login": "2020-10-18T11:59:02.247Z", "is_superuser": true, "username": "admin", "first_name": "", "last_name": "", "email": "devops8@163.com", "is_staff": true, "is_active": true, "date_joined": "2020-10-02T18:06:00Z", "groups": [], "user_permissions": []}}, {"model": "auth.user", "pk": 5, "fields": {"password": "pbkdf2_sha256$100000$5ZxH6PCCtJ1i$2fH/RJNxY66BIU6OZiPBHaYYGKZMPcI4r70YPtrtsbg=", "last_login": "2020-10-10T07:43:38.945Z", "is_superuser": false, "username": "admin2", "first_name": "", "last_name": "", "email": "1@qq.com", "is_staff": false, "is_active": true, "date_joined": "2020-10-10T07:43:38.775Z", "groups": [], "user_permissions": []}}, {"model": "auth.user", "pk": 6, "fields": {"password": "pbkdf2_sha256$100000$oij263nTpDtz$RrbOYdG7TawbsWvHwNLON/YK368Ea2HssUSSBQ1uAHE=", "last_login": "2020-10-18T11:54:00Z", "is_superuser": false, "username": "admin3", "first_name": "", "last_name": "", "email": "", "is_staff": false, "is_active": true, "date_joined": "2020-10-17T18:43:00Z", "groups": [], "user_permissions": []}}, {"model": "blog.blog", "pk": 3, "fields": {"title": "\u957f\u5185\u5bb9\u7684\u6587\u4ef6", "blog_type": 2, "content": "<h2>1\u3001\u6d4b\u8bd5</h2>\r\n\r\n<p>\u6492\u53d1\u751f\u53d1\u5c04\u70b9\u53d1\u5c04\u70b9\u53d1\u5c04\u70b9<strong>\u5e7f\u4e1c\u5206\u516c\u53f8\u6253\u8d4f\u6492\u53d1\u751f\u53d1\u5c04\u70b9</strong><br />\r\n\u53d1\u5c04\u70b9\u53d1\u5c04\u70b9\u5e7f\u4e1c\u5206\u516c\u53f8</p>\r\n\r\n<p>&nbsp;</p>\r\n\r\n<p><span style=\"color:#1abc9c\">sdfsdfsdfsdfsdf&nbsp;</span></p>\r\n\r\n<p><span style=\"color:#1abc9c\">sdfsdfsdf&nbsp; &nbsp;&nbsp;</span><span style=\"color:#f1c40f\">dfsfsdfgg</span></p>\r\n\r\n<p><span style=\"color:#f1c40f\"><img alt=\"\" src=\"/media/upload/2020/10/06/v2-3b4fc7e3a1195a081d0259246c38debc_720w_rnTbvlA.jpg\" style=\"height:240px\" /></span></p>", "author": 1, "created_time": "2020-10-02T19:38:08.363Z", "last_updated_time": "2020-10-06T04:32:11.606Z"}}, {"model": "blog.blog", "pk": 4, "fields": {"title": "\u968f\u7b142", "blog_type": 2, "content": "\u5bf9\u65b9\u662f", "author": 1, "created_time": "2020-10-02T20:21:49.240Z", "last_updated_time": "2020-10-02T20:21:49.240Z"}}, {"model": "blog.blog", "pk": 5, "fields": {"title": "Django1", "blog_type": 1, "content": "test", "author": 1, "created_time": "2020-10-02T20:23:03.855Z", "last_updated_time": "2020-10-02T20:23:03.855Z"}}, {"model": "blog.blog", "pk": 6, "fields": {"title": "shell\u4e0b\u7b2c1\u7bc7", "blog_type": 1, "content": "xxxxxxxxxxxxx", "author": 1, "created_time": "2020-10-04T08:42:21.721Z", "last_updated_time": "2020-10-04T08:42:21.721Z"}}, {"model": "blog.blog", "pk": 7, "fields": {"title": "for 1", "blog_type": 1, "content": "xxxx:1", "author": 1, "created_time": "2020-10-04T08:55:54.671Z", "last_updated_time": "2020-10-04T08:55:54.671Z"}}, {"model": "blog.blog", "pk": 8, "fields": {"title": "for 2", "blog_type": 1, "content": "xxxx:2", "author": 1, "created_time": "2020-10-04T08:55:54.681Z", "last_updated_time": "2020-10-04T08:55:54.681Z"}}, {"model": "blog.blog", "pk": 9, "fields": {"title": "for 3", "blog_type": 1, "content": "xxxx:3", "author": 1, "created_time": "2020-10-04T08:55:54.689Z", "last_updated_time": "2020-10-04T08:55:54.690Z"}}, {"model": "blog.blog", "pk": 10, "fields": {"title": "for 4", "blog_type": 1, "content": "xxxx:4", "author": 1, "created_time": "2020-10-04T08:55:54.697Z", "last_updated_time": "2020-10-04T08:55:54.697Z"}}, {"model": "blog.blog", "pk": 11, "fields": {"title": "for 5", "blog_type": 1, "content": "xxxx:5", "author": 1, "created_time": "2020-10-04T08:55:54.704Z", "last_updated_time": "2020-10-04T08:55:54.704Z"}}, {"model": "blog.blog", "pk": 12, "fields": {"title": "for 6", "blog_type": 1, "content": "xxxx:6", "author": 1, "created_time": "2020-10-04T08:55:54.712Z", "last_updated_time": "2020-10-04T08:55:54.712Z"}}, {"model": "blog.blog", "pk": 13, "fields": {"title": "for 7", "blog_type": 1, "content": "xxxx:7", "author": 1, "created_time": "2020-10-04T08:55:54.719Z", "last_updated_time": "2020-10-04T08:55:54.719Z"}}, {"model": "blog.blog", "pk": 14, "fields": {"title": "for 8", "blog_type": 1, "content": "xxxx:8", "author": 1, "created_time": "2020-10-04T08:55:54.726Z", "last_updated_time": "2020-10-04T08:55:54.726Z"}}, {"model": "blog.blog", "pk": 15, "fields": {"title": "for 9", "blog_type": 1, "content": "xxxx:9", "author": 1, "created_time": "2020-10-04T08:55:54.733Z", "last_updated_time": "2020-10-04T08:55:54.733Z"}}, {"model": "blog.blog", "pk": 16, "fields": {"title": "for 10", "blog_type": 1, "content": "xxxx:10", "author": 1, "created_time": "2020-10-04T08:55:54.740Z", "last_updated_time": "2020-10-04T08:55:54.741Z"}}, {"model": "blog.blog", "pk": 17, "fields": {"title": "for 11", "blog_type": 1, "content": "xxxx:11", "author": 1, "created_time": "2020-10-04T08:55:54.749Z", "last_updated_time": "2020-10-04T08:55:54.749Z"}}, {"model": "blog.blog", "pk": 18, "fields": {"title": "for 12", "blog_type": 1, "content": "xxxx:12", "author": 1, "created_time": "2020-10-04T08:55:54.757Z", "last_updated_time": "2020-10-04T08:55:54.757Z"}}, {"model": "blog.blog", "pk": 19, "fields": {"title": "for 13", "blog_type": 1, "content": "xxxx:13", "author": 1, "created_time": "2020-10-04T08:55:54.767Z", "last_updated_time": "2020-10-04T08:55:54.767Z"}}, {"model": "blog.blog", "pk": 20, "fields": {"title": "for 14", "blog_type": 1, "content": "xxxx:14", "author": 1, "created_time": "2020-10-04T08:55:54.777Z", "last_updated_time": "2020-10-04T08:55:54.777Z"}}, {"model": "blog.blog", "pk": 21, "fields": {"title": "for 15", "blog_type": 1, "content": "xxxx:15", "author": 1, "created_time": "2020-10-04T08:55:54.785Z", "last_updated_time": "2020-10-04T08:55:54.785Z"}}, {"model": "blog.blog", "pk": 22, "fields": {"title": "for 16", "blog_type": 1, "content": "xxxx:16", "author": 1, "created_time": "2020-10-04T08:55:54.794Z", "last_updated_time": "2020-10-04T08:55:54.794Z"}}, {"model": "blog.blog", "pk": 23, "fields": {"title": "for 17", "blog_type": 1, "content": "xxxx:17", "author": 1, "created_time": "2020-10-04T08:55:54.804Z", "last_updated_time": "2020-10-04T08:55:54.804Z"}}, {"model": "blog.blog", "pk": 24, "fields": {"title": "for 18", "blog_type": 1, "content": "xxxx:18", "author": 1, "created_time": "2020-10-04T08:55:54.815Z", "last_updated_time": "2020-10-04T08:55:54.815Z"}}, {"model": "blog.blog", "pk": 25, "fields": {"title": "for 19", "blog_type": 1, "content": "xxxx:19", "author": 1, "created_time": "2020-10-04T08:55:54.825Z", "last_updated_time": "2020-10-04T08:55:54.825Z"}}, {"model": "blog.blog", "pk": 26, "fields": {"title": "for 20", "blog_type": 1, "content": "xxxx:20", "author": 1, "created_time": "2020-10-04T08:55:54.832Z", "last_updated_time": "2020-10-04T08:55:54.832Z"}}, {"model": "blog.blog", "pk": 27, "fields": {"title": "for 21", "blog_type": 1, "content": "xxxx:21", "author": 1, "created_time": "2020-10-04T08:55:54.840Z", "last_updated_time": "2020-10-04T08:55:54.840Z"}}, {"model": "blog.blog", "pk": 28, "fields": {"title": "for 22", "blog_type": 1, "content": "xxxx:22", "author": 1, "created_time": "2020-10-04T08:55:54.847Z", "last_updated_time": "2020-10-04T08:55:54.847Z"}}, {"model": "blog.blog", "pk": 29, "fields": {"title": "for 23", "blog_type": 1, "content": "xxxx:23", "author": 1, "created_time": "2020-10-04T08:55:54.854Z", "last_updated_time": "2020-10-04T08:55:54.854Z"}}, {"model": "blog.blog", "pk": 30, "fields": {"title": "for 24", "blog_type": 1, "content": "xxxx:24", "author": 1, "created_time": "2020-10-04T08:55:54.862Z", "last_updated_time": "2020-10-04T08:55:54.862Z"}}, {"model": "blog.blog", "pk": 31, "fields": {"title": "for 25", "blog_type": 1, "content": "xxxx:25", "author": 1, "created_time": "2020-10-04T08:55:54.869Z", "last_updated_time": "2020-10-04T08:55:54.869Z"}}, {"model": "blog.blog", "pk": 32, "fields": {"title": "for 26", "blog_type": 1, "content": "xxxx:26", "author": 1, "created_time": "2020-10-04T08:55:54.876Z", "last_updated_time": "2020-10-04T08:55:54.876Z"}}, {"model": "blog.blog", "pk": 33, "fields": {"title": "for 27", "blog_type": 1, "content": "xxxx:27", "author": 1, "created_time": "2020-10-04T08:55:54.883Z", "last_updated_time": "2020-10-04T08:55:54.883Z"}}, {"model": "blog.blog", "pk": 34, "fields": {"title": "for 28", "blog_type": 1, "content": "xxxx:28", "author": 1, "created_time": "2020-10-04T08:55:54.890Z", "last_updated_time": "2020-10-04T08:55:54.890Z"}}, {"model": "blog.blog", "pk": 35, "fields": {"title": "for 29", "blog_type": 1, "content": "xxxx:29", "author": 1, "created_time": "2020-10-04T08:55:54.899Z", "last_updated_time": "2020-10-04T08:55:54.899Z"}}, {"model": "blog.blog", "pk": 36, "fields": {"title": "for 30", "blog_type": 1, "content": "xxxx:30", "author": 1, "created_time": "2020-10-04T08:55:54.906Z", "last_updated_time": "2020-10-06T06:41:15.386Z"}}, {"model": "comment.comment", "pk": 4, "fields": {"content_type": 7, "object_id": 36, "text": "456", "comment_time": "2020-10-09T12:04:32.425Z", "user": 1, "root": null, "parent": null, "reply_to": null}}, {"model": "comment.comment", "pk": 5, "fields": {"content_type": 7, "object_id": 36, "text": "345", "comment_time": "2020-10-10T15:11:28.872Z", "user": 5, "root": null, "parent": null, "reply_to": null}}, {"model": "comment.comment", "pk": 6, "fields": {"content_type": 7, "object_id": 36, "text": "456", "comment_time": "2020-10-10T16:44:34.783Z", "user": 5, "root": null, "parent": null, "reply_to": null}}, {"model": "comment.comment", "pk": 7, "fields": {"content_type": 7, "object_id": 36, "text": "<p>567</p>", "comment_time": "2020-10-11T07:52:11.518Z", "user": 1, "root": null, "parent": null, "reply_to": null}}, {"model": "comment.comment", "pk": 8, "fields": {"content_type": 7, "object_id": 36, "text": "<p>1123</p>", "comment_time": "2020-10-11T08:59:14.791Z", "user": 1, "root": null, "parent": null, "reply_to": null}}, {"model": "comment.comment", "pk": 9, "fields": {"content_type": 7, "object_id": 36, "text": "<p>789</p>", "comment_time": "2020-10-11T09:05:54.874Z", "user": 1, "root": null, "parent": null, "reply_to": null}}, {"model": "comment.comment", "pk": 10, "fields": {"content_type": 7, "object_id": 36, "text": "<p>789</p>", "comment_time": "2020-10-11T09:08:36.298Z", "user": 1, "root": null, "parent": null, "reply_to": null}}, {"model": "comment.comment", "pk": 11, "fields": {"content_type": 7, "object_id": 36, "text": "<p>789</p>", "comment_time": "2020-10-11T09:09:21.449Z", "user": 1, "root": null, "parent": null, "reply_to": null}}, {"model": "comment.comment", "pk": 12, "fields": {"content_type": 7, "object_id": 36, "text": "<p>899</p>", "comment_time": "2020-10-11T10:13:10.254Z", "user": 1, "root": null, "parent": null, "reply_to": null}}, {"model": "comment.comment", "pk": 13, "fields": {"content_type": 7, "object_id": 36, "text": "<p>888</p>", "comment_time": "2020-10-11T10:17:58.757Z", "user": 1, "root": null, "parent": null, "reply_to": null}}, {"model": "comment.comment", "pk": 14, "fields": {"content_type": 7, "object_id": 36, "text": "<p>777</p>", "comment_time": "2020-10-11T10:18:42.137Z", "user": 1, "root": null, "parent": null, "reply_to": null}}, {"model": "comment.comment", "pk": 15, "fields": {"content_type": 7, "object_id": 36, "text": "<p>000</p>", "comment_time": "2020-10-11T10:59:28.471Z", "user": 1, "root": null, "parent": null, "reply_to": null}}, {"model": "comment.comment", "pk": 16, "fields": {"content_type": 7, "object_id": 36, "text": "<p>000</p>", "comment_time": "2020-10-11T11:00:04.338Z", "user": 1, "root": null, "parent": null, "reply_to": null}}, {"model": "comment.comment", "pk": 17, "fields": {"content_type": 7, "object_id": 36, "text": "<p>111</p>", "comment_time": "2020-10-11T11:00:15.621Z", "user": 1, "root": null, "parent": null, "reply_to": null}}, {"model": "comment.comment", "pk": 18, "fields": {"content_type": 7, "object_id": 36, "text": "<p>111</p>", "comment_time": "2020-10-11T11:06:33.665Z", "user": 1, "root": null, "parent": null, "reply_to": null}}, {"model": "comment.comment", "pk": 19, "fields": {"content_type": 7, "object_id": 36, "text": "<p>555</p>", "comment_time": "2020-10-11T11:06:46.225Z", "user": 1, "root": null, "parent": null, "reply_to": null}}, {"model": "comment.comment", "pk": 20, "fields": {"content_type": 7, "object_id": 36, "text": "<p>555</p>", "comment_time": "2020-10-11T11:06:57.581Z", "user": 1, "root": null, "parent": null, "reply_to": null}}, {"model": "comment.comment", "pk": 21, "fields": {"content_type": 7, "object_id": 36, "text": "<p>098</p>", "comment_time": "2020-10-11T12:57:52.632Z", "user": 1, "root": null, "parent": null, "reply_to": null}}, {"model": "comment.comment", "pk": 22, "fields": {"content_type": 7, "object_id": 36, "text": "<p>88888</p>", "comment_time": "2020-10-11T12:58:32.857Z", "user": 1, "root": null, "parent": null, "reply_to": null}}, {"model": "comment.comment", "pk": 23, "fields": {"content_type": 7, "object_id": 36, "text": "<p><img alt=\"laugh\" height=\"23\" src=\"http://blog.com:8000/static/ckeditor/ckeditor/plugins/smiley/images/teeth_smile.png\" title=\"laugh\" width=\"23\" /></p>", "comment_time": "2020-10-11T13:57:15.681Z", "user": 1, "root": null, "parent": null, "reply_to": null}}, {"model": "comment.comment", "pk": 24, "fields": {"content_type": 7, "object_id": 36, "text": "<p><img alt=\"indecision\" height=\"23\" src=\"http://blog.com:8000/static/ckeditor/ckeditor/plugins/smiley/images/whatchutalkingabout_smile.png\" title=\"indecision\" width=\"23\" /></p>", "comment_time": "2020-10-11T13:58:13.162Z", "user": 1, "root": null, "parent": null, "reply_to": null}}, {"model": "comment.comment", "pk": 25, "fields": {"content_type": 7, "object_id": 36, "text": "<p><img alt=\"yes\" height=\"23\" src=\"http://blog.com:8000/static/ckeditor/ckeditor/plugins/smiley/images/thumbs_up.png\" title=\"yes\" width=\"23\" /></p>", "comment_time": "2020-10-11T14:08:56.458Z", "user": 1, "root": null, "parent": null, "reply_to": null}}, {"model": "comment.comment", "pk": 26, "fields": {"content_type": 7, "object_id": 36, "text": "<p><img alt=\"laugh\" height=\"23\" src=\"http://blog.com:8000/static/ckeditor/ckeditor/plugins/smiley/images/teeth_smile.png\" title=\"laugh\" width=\"23\" /></p>", "comment_time": "2020-10-11T14:18:35.331Z", "user": 1, "root": null, "parent": null, "reply_to": null}}, {"model": "comment.comment", "pk": 27, "fields": {"content_type": 7, "object_id": 36, "text": "<p><img alt=\"yes\" height=\"23\" src=\"http://blog.com:8000/static/ckeditor/ckeditor/plugins/smiley/images/thumbs_up.png\" title=\"yes\" width=\"23\" /></p>", "comment_time": "2020-10-11T14:24:56.143Z", "user": 1, "root": null, "parent": null, "reply_to": null}}, {"model": "comment.comment", "pk": 28, "fields": {"content_type": 7, "object_id": 36, "text": "<p><img alt=\"blush\" height=\"23\" src=\"http://blog.com:8000/static/ckeditor/ckeditor/plugins/smiley/images/embarrassed_smile.png\" title=\"blush\" width=\"23\" /></p>", "comment_time": "2020-10-11T16:29:09.182Z", "user": 1, "root": null, "parent": null, "reply_to": null}}, {"model": "comment.comment", "pk": 29, "fields": {"content_type": 7, "object_id": 36, "text": "<p><img alt=\"indecision\" height=\"23\" src=\"http://blog.com:8000/static/ckeditor/ckeditor/plugins/smiley/images/whatchutalkingabout_smile.png\" title=\"indecision\" width=\"23\" /></p>", "comment_time": "2020-10-11T16:29:53.270Z", "user": 1, "root": null, "parent": null, "reply_to": null}}, {"model": "comment.comment", "pk": 30, "fields": {"content_type": 7, "object_id": 36, "text": "<p><img alt=\"yes\" height=\"23\" src=\"http://blog.com:8000/static/ckeditor/ckeditor/plugins/smiley/images/thumbs_up.png\" title=\"yes\" width=\"23\" /></p>", "comment_time": "2020-10-11T16:36:36.598Z", "user": 1, "root": null, "parent": null, "reply_to": null}}, {"model": "comment.comment", "pk": 31, "fields": {"content_type": 7, "object_id": 36, "text": "<p><img alt=\"crying\" height=\"23\" src=\"http://blog.com:8000/static/ckeditor/ckeditor/plugins/smiley/images/cry_smile.png\" title=\"crying\" width=\"23\" /></p>", "comment_time": "2020-10-11T16:43:03.295Z", "user": 1, "root": null, "parent": null, "reply_to": null}}, {"model": "comment.comment", "pk": 32, "fields": {"content_type": 7, "object_id": 36, "text": "<p><img alt=\"devil\" height=\"23\" src=\"http://blog.com:8000/static/ckeditor/ckeditor/plugins/smiley/images/devil_smile.png\" title=\"devil\" width=\"23\" /></p>", "comment_time": "2020-10-11T16:43:39.009Z", "user": 1, "root": null, "parent": null, "reply_to": null}}, {"model": "comment.comment", "pk": 33, "fields": {"content_type": 7, "object_id": 36, "text": "<p><img alt=\"angry\" height=\"23\" src=\"http://blog.com:8000/static/ckeditor/ckeditor/plugins/smiley/images/angry_smile.png\" title=\"angry\" width=\"23\" /></p>", "comment_time": "2020-10-11T16:44:49.909Z", "user": 1, "root": null, "parent": null, "reply_to": null}}, {"model": "comment.comment", "pk": 34, "fields": {"content_type": 7, "object_id": 36, "text": "<p><img alt=\"heart\" height=\"23\" src=\"http://blog.com:8000/static/ckeditor/ckeditor/plugins/smiley/images/heart.png\" title=\"heart\" width=\"23\" /></p>", "comment_time": "2020-10-11T16:46:29.953Z", "user": 1, "root": null, "parent": null, "reply_to": null}}, {"model": "comment.comment", "pk": 35, "fields": {"content_type": 7, "object_id": 36, "text": "<p><img alt=\"wink\" height=\"23\" src=\"http://blog.com:8000/static/ckeditor/ckeditor/plugins/smiley/images/wink_smile.png\" title=\"wink\" width=\"23\" /></p>", "comment_time": "2020-10-11T16:47:00.768Z", "user": 1, "root": null, "parent": null, "reply_to": null}}, {"model": "comment.comment", "pk": 36, "fields": {"content_type": 7, "object_id": 36, "text": "<p><img alt=\"mail\" height=\"23\" src=\"http://blog.com:8000/static/ckeditor/ckeditor/plugins/smiley/images/envelope.png\" title=\"mail\" width=\"23\" /></p>", "comment_time": "2020-10-11T16:49:01.878Z", "user": 1, "root": null, "parent": null, "reply_to": null}}, {"model": "comment.comment", "pk": 37, "fields": {"content_type": 7, "object_id": 36, "text": "<p><img alt=\"cheeky\" height=\"23\" src=\"http://blog.com:8000/static/ckeditor/ckeditor/plugins/smiley/images/tongue_smile.png\" title=\"cheeky\" width=\"23\" /></p>", "comment_time": "2020-10-11T16:50:33.650Z", "user": 1, "root": null, "parent": null, "reply_to": null}}, {"model": "comment.comment", "pk": 39, "fields": {"content_type": 7, "object_id": 36, "text": "<p>123123</p>", "comment_time": "2020-10-12T06:11:50.220Z", "user": 1, "root": 37, "parent": 37, "reply_to": 1}}, {"model": "comment.comment", "pk": 40, "fields": {"content_type": 7, "object_id": 36, "text": "<p>232323</p>", "comment_time": "2020-10-12T06:21:59.842Z", "user": 1, "root": 37, "parent": 39, "reply_to": 1}}, {"model": "comment.comment", "pk": 41, "fields": {"content_type": 7, "object_id": 36, "text": "<p>123123123123123123</p>", "comment_time": "2020-10-12T06:35:31.825Z", "user": 1, "root": 37, "parent": 37, "reply_to": 1}}, {"model": "comment.comment", "pk": 42, "fields": {"content_type": 7, "object_id": 36, "text": "<p>123123</p>", "comment_time": "2020-10-12T06:35:44.788Z", "user": 1, "root": 36, "parent": 36, "reply_to": 1}}, {"model": "comment.comment", "pk": 43, "fields": {"content_type": 7, "object_id": 36, "text": "<p>123123123123132123</p>", "comment_time": "2020-10-12T07:32:15.085Z", "user": 1, "root": 36, "parent": 36, "reply_to": 1}}, {"model": "comment.comment", "pk": 44, "fields": {"content_type": 7, "object_id": 36, "text": "<p>12345</p>", "comment_time": "2020-10-12T10:06:19.816Z", "user": 1, "root": 37, "parent": 41, "reply_to": 1}}, {"model": "comment.comment", "pk": 45, "fields": {"content_type": 7, "object_id": 36, "text": "<p>888888888888888</p>", "comment_time": "2020-10-12T10:06:35.760Z", "user": 1, "root": 36, "parent": 42, "reply_to": 1}}, {"model": "comment.comment", "pk": 46, "fields": {"content_type": 7, "object_id": 35, "text": "<p>123</p>", "comment_time": "2020-10-12T16:52:25.895Z", "user": 1, "root": null, "parent": null, "reply_to": null}}, {"model": "comment.comment", "pk": 47, "fields": {"content_type": 7, "object_id": 35, "text": "<p>\u7b2c\u4e8c\u6761</p>", "comment_time": "2020-10-13T02:44:36.507Z", "user": 1, "root": null, "parent": null, "reply_to": null}}, {"model": "comment.comment", "pk": 48, "fields": {"content_type": 7, "object_id": 35, "text": "<p>123</p>", "comment_time": "2020-10-13T02:46:07.012Z", "user": 1, "root": 47, "parent": 47, "reply_to": 1}}, {"model": "comment.comment", "pk": 49, "fields": {"content_type": 7, "object_id": 35, "text": "<p>\u7b2c\u4e09\u6761</p>", "comment_time": "2020-10-13T02:55:50.219Z", "user": 1, "root": null, "parent": null, "reply_to": null}}, {"model": "comment.comment", "pk": 50, "fields": {"content_type": 7, "object_id": 35, "text": "<p>123123123</p>", "comment_time": "2020-10-13T03:41:13.099Z", "user": 1, "root": 49, "parent": 49, "reply_to": 1}}, {"model": "comment.comment", "pk": 51, "fields": {"content_type": 7, "object_id": 35, "text": "<p>321</p>", "comment_time": "2020-10-13T05:24:53.110Z", "user": 1, "root": 49, "parent": 49, "reply_to": 1}}, {"model": "comment.comment", "pk": 52, "fields": {"content_type": 7, "object_id": 35, "text": "<p>888</p>", "comment_time": "2020-10-13T05:34:41.834Z", "user": 1, "root": 49, "parent": 49, "reply_to": 1}}, {"model": "comment.comment", "pk": 53, "fields": {"content_type": 7, "object_id": 36, "text": "<p><img alt=\"yes\" height=\"23\" src=\"http://blog.com:8000/static/ckeditor/ckeditor/plugins/smiley/images/thumbs_up.png\" title=\"yes\" width=\"23\" /></p>", "comment_time": "2020-10-13T06:16:45.398Z", "user": 1, "root": 37, "parent": 37, "reply_to": 1}}, {"model": "comment.comment", "pk": 54, "fields": {"content_type": 7, "object_id": 36, "text": "<p>123</p>", "comment_time": "2020-10-14T18:13:06.277Z", "user": 1, "root": null, "parent": null, "reply_to": null}}, {"model": "comment.comment", "pk": 55, "fields": {"content_type": 7, "object_id": 36, "text": "<p>234</p>", "comment_time": "2020-10-14T18:13:30.992Z", "user": 1, "root": 54, "parent": 54, "reply_to": 1}}, {"model": "comment.comment", "pk": 56, "fields": {"content_type": 7, "object_id": 36, "text": "<p>123</p>", "comment_time": "2020-10-14T18:14:56.736Z", "user": 1, "root": null, "parent": null, "reply_to": null}}, {"model": "comment.comment", "pk": 57, "fields": {"content_type": 7, "object_id": 36, "text": "<p>123</p>", "comment_time": "2020-10-17T05:24:59.967Z", "user": 1, "root": 35, "parent": 35, "reply_to": 1}}, {"model": "comment.comment", "pk": 58, "fields": {"content_type": 7, "object_id": 36, "text": "<p>\u8bc4\u8bba\u53d1\u9001\u90ae\u4ef6\u6d4b\u8bd5</p>", "comment_time": "2020-10-18T10:23:20.786Z", "user": 1, "root": null, "parent": null, "reply_to": null}}, {"model": "comment.comment", "pk": 59, "fields": {"content_type": 7, "object_id": 36, "text": "<p>\u8bc4\u8bba\u53d1\u9001\u90ae\u4ef6\u6d4b\u8bd5</p>", "comment_time": "2020-10-18T10:27:53.662Z", "user": 1, "root": null, "parent": null, "reply_to": null}}, {"model": "comment.comment", "pk": 60, "fields": {"content_type": 7, "object_id": 36, "text": "<p>\u8bc4\u8bba\u53d1\u9001\u90ae\u4ef6\u6d4b\u8bd5</p>", "comment_time": "2020-10-18T10:31:09.716Z", "user": 1, "root": 59, "parent": 59, "reply_to": 1}}, {"model": "comment.comment", "pk": 61, "fields": {"content_type": 7, "object_id": 36, "text": "<p>\u8bc4\u8bba\u53d1\u9001\u90ae\u4ef6\u6d4b\u8bd5</p>", "comment_time": "2020-10-18T11:54:34.949Z", "user": 6, "root": 59, "parent": 59, "reply_to": 1}}, {"model": "comment.comment", "pk": 62, "fields": {"content_type": 7, "object_id": 36, "text": "<p>\u8bc4\u8bba\u53d1\u9001\u90ae\u4ef6\u6d4b\u8bd5</p>", "comment_time": "2020-10-18T11:56:29.591Z", "user": 6, "root": null, "parent": null, "reply_to": null}}, {"model": "comment.comment", "pk": 63, "fields": {"content_type": 7, "object_id": 36, "text": "<p>\u8bc4\u8bba\u53d1\u9001\u90ae\u4ef6\u6d4b\u8bd5</p>", "comment_time": "2020-10-18T11:59:18.317Z", "user": 1, "root": null, "parent": null, "reply_to": null}}, {"model": "comment.comment", "pk": 64, "fields": {"content_type": 7, "object_id": 36, "text": "<p>\u56de\u590d\u8bc4\u8bba\u53d1\u9001\u90ae\u4ef6\u901a\u77e5\u6d4b\u8bd5</p>", "comment_time": "2020-10-18T12:04:06.406Z", "user": 1, "root": 63, "parent": 63, "reply_to": 1}}, {"model": "comment.comment", "pk": 65, "fields": {"content_type": 7, "object_id": 36, "text": "<p>\u591a\u7ebf\u7a0b\u53d1\u9001\u90ae\u4ef6\u901a\u77e5</p>", "comment_time": "2020-10-18T12:34:57.668Z", "user": 1, "root": null, "parent": null, "reply_to": null}}, {"model": "comment.comment", "pk": 66, "fields": {"content_type": 7, "object_id": 36, "text": "<p>html\u90ae\u4ef6\u6d4b\u8bd5</p>", "comment_time": "2020-10-18T12:44:42.739Z", "user": 1, "root": null, "parent": null, "reply_to": null}}, {"model": "comment.comment", "pk": 67, "fields": {"content_type": 7, "object_id": 36, "text": "<p>html\u6a21\u677f\u7ec4\u7ec7\u5185\u5bb9,\u53d1\u9001\u90ae\u4ef6</p>", "comment_time": "2020-10-18T13:30:49.246Z", "user": 1, "root": null, "parent": null, "reply_to": null}}, {"model": "comment.comment", "pk": 68, "fields": {"content_type": 7, "object_id": 36, "text": "<p>test</p>", "comment_time": "2020-10-18T13:45:38.942Z", "user": 1, "root": null, "parent": null, "reply_to": null}}, {"model": "comment.comment", "pk": 69, "fields": {"content_type": 7, "object_id": 36, "text": "<p>utf-8</p>", "comment_time": "2020-10-18T13:49:16.135Z", "user": 1, "root": null, "parent": null, "reply_to": null}}, {"model": "comment.comment", "pk": 70, "fields": {"content_type": 7, "object_id": 36, "text": "<p>localhost</p>", "comment_time": "2020-10-18T14:00:21.597Z", "user": 1, "root": null, "parent": null, "reply_to": null}}, {"model": "comment.comment", "pk": 71, "fields": {"content_type": 7, "object_id": 36, "text": "<p>qudiao_p</p>", "comment_time": "2020-10-18T14:21:38.980Z", "user": 1, "root": null, "parent": null, "reply_to": null}}, {"model": "comment.comment", "pk": 72, "fields": {"content_type": 7, "object_id": 36, "text": "<p>888888test</p>", "comment_time": "2020-10-18T16:14:12.611Z", "user": 1, "root": null, "parent": null, "reply_to": null}}, {"model": "likes.likerecord", "pk": 2, "fields": {"content_type": 7, "object_id": 34, "user": 1, "liked_time": "2020-10-13T14:47:31.543Z"}}, {"model": "likes.likerecord", "pk": 3, "fields": {"content_type": 7, "object_id": 32, "user": 1, "liked_time": "2020-10-13T15:58:07.598Z"}}, {"model": "likes.likerecord", "pk": 4, "fields": {"content_type": 7, "object_id": 31, "user": 1, "liked_time": "2020-10-13T16:24:23.395Z"}}, {"model": "likes.likerecord", "pk": 5, "fields": {"content_type": 7, "object_id": 29, "user": 1, "liked_time": "2020-10-13T16:25:20.574Z"}}, {"model": "likes.likerecord", "pk": 6, "fields": {"content_type": 7, "object_id": 27, "user": 1, "liked_time": "2020-10-13T16:42:18.316Z"}}, {"model": "likes.likerecord", "pk": 7, "fields": {"content_type": 7, "object_id": 16, "user": 1, "liked_time": "2020-10-13T16:43:14.779Z"}}, {"model": "likes.likerecord", "pk": 8, "fields": {"content_type": 7, "object_id": 21, "user": 1, "liked_time": "2020-10-13T16:44:20.045Z"}}, {"model": "likes.likerecord", "pk": 9, "fields": {"content_type": 7, "object_id": 10, "user": 1, "liked_time": "2020-10-13T16:51:32.235Z"}}, {"model": "likes.likerecord", "pk": 10, "fields": {"content_type": 7, "object_id": 26, "user": 1, "liked_time": "2020-10-13T16:52:26.665Z"}}, {"model": "likes.likerecord", "pk": 11, "fields": {"content_type": 7, "object_id": 33, "user": 1, "liked_time": "2020-10-13T17:01:11.181Z"}}, {"model": "likes.likerecord", "pk": 12, "fields": {"content_type": 7, "object_id": 7, "user": 1, "liked_time": "2020-10-13T17:05:07.835Z"}}, {"model": "likes.likerecord", "pk": 15, "fields": {"content_type": 7, "object_id": 5, "user": 1, "liked_time": "2020-10-13T17:22:13.128Z"}}, {"model": "likes.likerecord", "pk": 24, "fields": {"content_type": 7, "object_id": 8, "user": 1, "liked_time": "2020-10-13T18:10:50.610Z"}}, {"model": "likes.likerecord", "pk": 40, "fields": {"content_type": 7, "object_id": 36, "user": 1, "liked_time": "2020-10-15T05:57:02.649Z"}}, {"model": "user.profile", "pk": 1, "fields": {"user": 1, "nickname": "curry"}}, {"model": "admin.logentry", "pk": 1, "fields": {"action_time": "2020-10-02T18:21:30.396Z", "user": 1, "content_type": 8, "object_id": "1", "object_repr": "BlogType object (1)", "action_flag": 1, "change_message": "[{\"added\": {}}]"}}, {"model": "admin.logentry", "pk": 2, "fields": {"action_time": "2020-10-02T18:21:58.996Z", "user": 1, "content_type": 8, "object_id": "2", "object_repr": "BlogType object (2)", "action_flag": 1, "change_message": "[{\"added\": {}}]"}}, {"model": "admin.logentry", "pk": 3, "fields": {"action_time": "2020-10-02T18:22:06.310Z", "user": 1, "content_type": 8, "object_id": "3", "object_repr": "BlogType object (3)", "action_flag": 1, "change_message": "[{\"added\": {}}]"}}, {"model": "admin.logentry", "pk": 4, "fields": {"action_time": "2020-10-02T18:26:00.282Z", "user": 1, "content_type": 7, "object_id": "1", "object_repr": "<Blog: \u7b2c\u4e00\u7bc7\u535a\u5ba2>", "action_flag": 1, "change_message": "[{\"added\": {}}]"}}, {"model": "admin.logentry", "pk": 5, "fields": {"action_time": "2020-10-02T19:26:58.223Z", "user": 1, "content_type": 7, "object_id": "2", "object_repr": "<Blog: \u7b2c\u4e8c\u7bc7\u535a\u5ba2>", "action_flag": 1, "change_message": "[{\"added\": {}}]"}}, {"model": "admin.logentry", "pk": 6, "fields": {"action_time": "2020-10-02T19:31:57.055Z", "user": 1, "content_type": 7, "object_id": "2", "object_repr": "<Blog: \u7b2c\u4e8c\u7bc7\u535a\u5ba2>", "action_flag": 3, "change_message": ""}}, {"model": "admin.logentry", "pk": 7, "fields": {"action_time": "2020-10-02T19:31:57.067Z", "user": 1, "content_type": 7, "object_id": "1", "object_repr": "<Blog: \u7b2c\u4e00\u7bc7\u535a\u5ba2>", "action_flag": 3, "change_message": ""}}, {"model": "admin.logentry", "pk": 8, "fields": {"action_time": "2020-10-02T19:38:08.368Z", "user": 1, "content_type": 7, "object_id": "3", "object_repr": "<Blog: \u957f\u5185\u5bb9\u7684\u6587\u4ef6>", "action_flag": 1, "change_message": "[{\"added\": {}}]"}}, {"model": "admin.logentry", "pk": 9, "fields": {"action_time": "2020-10-02T20:21:49.245Z", "user": 1, "content_type": 7, "object_id": "4", "object_repr": "<Blog: \u968f\u7b142>", "action_flag": 1, "change_message": "[{\"added\": {}}]"}}, {"model": "admin.logentry", "pk": 10, "fields": {"action_time": "2020-10-02T20:23:03.856Z", "user": 1, "content_type": 7, "object_id": "5", "object_repr": "<Blog: Django1>", "action_flag": 1, "change_message": "[{\"added\": {}}]"}}, {"model": "admin.logentry", "pk": 11, "fields": {"action_time": "2020-10-06T02:29:50.266Z", "user": 1, "content_type": 7, "object_id": "3", "object_repr": "<Blog: \u957f\u5185\u5bb9\u7684\u6587\u4ef6>", "action_flag": 2, "change_message": "[{\"changed\": {\"fields\": [\"content\"]}}]"}}, {"model": "admin.logentry", "pk": 12, "fields": {"action_time": "2020-10-06T02:54:24.839Z", "user": 1, "content_type": 7, "object_id": "3", "object_repr": "<Blog: \u957f\u5185\u5bb9\u7684\u6587\u4ef6>", "action_flag": 2, "change_message": "[{\"changed\": {\"fields\": [\"content\"]}}]"}}, {"model": "admin.logentry", "pk": 13, "fields": {"action_time": "2020-10-06T04:32:11.612Z", "user": 1, "content_type": 7, "object_id": "3", "object_repr": "<Blog: \u957f\u5185\u5bb9\u7684\u6587\u4ef6>", "action_flag": 2, "change_message": "[{\"changed\": {\"fields\": [\"content\"]}}]"}}, {"model": "admin.logentry", "pk": 14, "fields": {"action_time": "2020-10-06T07:54:51.710Z", "user": 1, "content_type": 9, "object_id": "1", "object_repr": "ReadNum object (1)", "action_flag": 1, "change_message": "[{\"added\": {}}]"}}, {"model": "admin.logentry", "pk": 15, "fields": {"action_time": "2020-10-06T16:39:32.348Z", "user": 1, "content_type": 10, "object_id": "1", "object_repr": "ReadNum object (1)", "action_flag": 1, "change_message": "[{\"added\": {}}]"}}, {"model": "admin.logentry", "pk": 16, "fields": {"action_time": "2020-10-07T04:10:23.688Z", "user": 1, "content_type": 11, "object_id": "1", "object_repr": "ReadDetail object (1)", "action_flag": 1, "change_message": "[{\"added\": {}}]"}}, {"model": "admin.logentry", "pk": 17, "fields": {"action_time": "2020-10-09T11:46:46.730Z", "user": 1, "content_type": 12, "object_id": "1", "object_repr": "Comment object (1)", "action_flag": 3, "change_message": ""}}, {"model": "admin.logentry", "pk": 18, "fields": {"action_time": "2020-10-10T07:27:18.859Z", "user": 1, "content_type": 4, "object_id": "2", "object_repr": "admin2", "action_flag": 3, "change_message": ""}}, {"model": "admin.logentry", "pk": 19, "fields": {"action_time": "2020-10-10T07:41:08.131Z", "user": 1, "content_type": 4, "object_id": "3", "object_repr": "admin2", "action_flag": 3, "change_message": ""}}, {"model": "admin.logentry", "pk": 20, "fields": {"action_time": "2020-10-10T07:43:22.642Z", "user": 1, "content_type": 4, "object_id": "4", "object_repr": "admin2", "action_flag": 3, "change_message": ""}}, {"model": "admin.logentry", "pk": 21, "fields": {"action_time": "2020-10-12T02:19:39.003Z", "user": 1, "content_type": 12, "object_id": "38", "object_repr": "Comment object (38)", "action_flag": 1, "change_message": "[{\"added\": {}}]"}}, {"model": "admin.logentry", "pk": 22, "fields": {"action_time": "2020-10-12T02:47:09.652Z", "user": 1, "content_type": 12, "object_id": "38", "object_repr": "123123", "action_flag": 2, "change_message": "[{\"changed\": {\"fields\": [\"root\", \"reply_to\"]}}]"}}, {"model": "admin.logentry", "pk": 23, "fields": {"action_time": "2020-10-13T05:55:23.680Z", "user": 1, "content_type": 12, "object_id": "2", "object_repr": "123", "action_flag": 3, "change_message": ""}}, {"model": "admin.logentry", "pk": 24, "fields": {"action_time": "2020-10-13T06:05:26.173Z", "user": 1, "content_type": 12, "object_id": "3", "object_repr": "234", "action_flag": 3, "change_message": ""}}, {"model": "admin.logentry", "pk": 25, "fields": {"action_time": "2020-10-16T12:56:16.153Z", "user": 1, "content_type": 15, "object_id": "1", "object_repr": "<Profile: Curry for admin>", "action_flag": 1, "change_message": "[{\"added\": {}}]"}}, {"model": "admin.logentry", "pk": 26, "fields": {"action_time": "2020-10-17T10:59:22.848Z", "user": 1, "content_type": 4, "object_id": "1", "object_repr": "admin", "action_flag": 2, "change_message": "[{\"changed\": {\"fields\": [\"email\", \"last_login\"]}}]"}}, {"model": "admin.logentry", "pk": 27, "fields": {"action_time": "2020-10-17T18:42:31.087Z", "user": 1, "content_type": 4, "object_id": "1", "object_repr": "admin", "action_flag": 2, "change_message": "[{\"changed\": {\"fields\": [\"email\", \"last_login\"]}}]"}}, {"model": "admin.logentry", "pk": 28, "fields": {"action_time": "2020-10-18T11:57:56.302Z", "user": 1, "content_type": 4, "object_id": "6", "object_repr": "admin3", "action_flag": 2, "change_message": "[{\"changed\": {\"fields\": [\"email\", \"last_login\"]}}]"}}]